{
  "accuracy": {
    "test_mean": 0.9469893206089525,
    "test_std": 0.012042965265971201,
    "test_ci_lower": 0.9233851086876489,
    "test_ci_upper": 0.970593532530256,
    "train_mean": 0.9996918335901388,
    "train_std": 0.0006163328197226648
  },
  "balanced_accuracy": {
    "test_mean": 0.9493983829542433,
    "test_std": 0.011611764677728408,
    "test_ci_lower": 0.9266393241858956,
    "test_ci_upper": 0.972157441722591,
    "train_mean": 0.9996581196581197,
    "train_std": 0.0006837606837606814
  },
  "f1_macro": {
    "test_mean": 0.9490059560200172,
    "test_std": 0.011241694623218676,
    "test_ci_lower": 0.9269722345585086,
    "test_ci_upper": 0.9710396774815259,
    "train_mean": 0.9996551660070974,
    "train_std": 0.00068966798580532
  },
  "precision_macro": {
    "test_mean": 0.9501025068573531,
    "test_std": 0.01104630119636336,
    "test_ci_lower": 0.9284517565124809,
    "test_ci_upper": 0.9717532572022253,
    "train_mean": 0.999655172413793,
    "train_std": 0.0006896551724138166
  },
  "recall_macro": {
    "test_mean": 0.9493983829542433,
    "test_std": 0.011611764677728408,
    "test_ci_lower": 0.9266393241858956,
    "test_ci_upper": 0.972157441722591,
    "train_mean": 0.9996581196581197,
    "train_std": 0.0006837606837606814
  }
}